hook	mode	run	total_us
approve-safe-commands	smoke	1	44380
approve-safe-commands	smoke	2	34957
approve-safe-commands	smoke	3	34049
approve-safe-commands	smoke	4	35604
approve-safe-commands	smoke	5	34642
approve-safe-commands	smoke	6	32529
approve-safe-commands	smoke	7	32780
approve-safe-commands	smoke	8	33169
approve-safe-commands	smoke	9	33320
approve-safe-commands	smoke	10	32771
approve-safe-commands	smoke	11	32913
approve-safe-commands	smoke	12	32681
approve-safe-commands	smoke	13	32219
approve-safe-commands	smoke	14	32846
approve-safe-commands	smoke	15	32626
approve-safe-commands	smoke	16	36791
approve-safe-commands	smoke	17	35473
approve-safe-commands	smoke	18	37112
approve-safe-commands	smoke	19	34382
approve-safe-commands	smoke	20	34535
approve-safe-commands	smoke	21	33775
approve-safe-commands	smoke	22	34058
approve-safe-commands	smoke	23	1033413
approve-safe-commands	smoke	24	34356
approve-safe-commands	smoke	25	36916
approve-safe-commands	smoke	26	32784
approve-safe-commands	smoke	27	33141
approve-safe-commands	smoke	28	32962
approve-safe-commands	smoke	29	33154
approve-safe-commands	smoke	30	33143
approve-safe-commands	real	1	49320
approve-safe-commands	real	2	47040
approve-safe-commands	real	3	46141
approve-safe-commands	real	4	48229
approve-safe-commands	real	5	45762
approve-safe-commands	real	6	46051
approve-safe-commands	real	7	47199
approve-safe-commands	real	8	50382
approve-safe-commands	real	9	48781
approve-safe-commands	real	10	48990
approve-safe-commands	real	11	63834
approve-safe-commands	real	12	53740
approve-safe-commands	real	13	46635
approve-safe-commands	real	14	45524
approve-safe-commands	real	15	46939
approve-safe-commands	real	16	46071
approve-safe-commands	real	17	45892
approve-safe-commands	real	18	45886
approve-safe-commands	real	19	47065
approve-safe-commands	real	20	45155
approve-safe-commands	real	21	46820
approve-safe-commands	real	22	48929
approve-safe-commands	real	23	51407
approve-safe-commands	real	24	45873
approve-safe-commands	real	25	49222
approve-safe-commands	real	26	46715
approve-safe-commands	real	27	47136
approve-safe-commands	real	28	53053
approve-safe-commands	real	29	50645
approve-safe-commands	real	30	46005
auto-mode-shared-steps	smoke	1	46208
auto-mode-shared-steps	smoke	2	46578
auto-mode-shared-steps	smoke	3	50141
auto-mode-shared-steps	smoke	4	56739
auto-mode-shared-steps	smoke	5	46003
auto-mode-shared-steps	smoke	6	45565
auto-mode-shared-steps	smoke	7	46141
auto-mode-shared-steps	smoke	8	46315
auto-mode-shared-steps	smoke	9	45685
auto-mode-shared-steps	smoke	10	44778
auto-mode-shared-steps	smoke	11	45113
auto-mode-shared-steps	smoke	12	48816
auto-mode-shared-steps	smoke	13	46418
auto-mode-shared-steps	smoke	14	45836
auto-mode-shared-steps	smoke	15	51732
auto-mode-shared-steps	smoke	16	53232
auto-mode-shared-steps	smoke	17	47274
auto-mode-shared-steps	smoke	18	46618
auto-mode-shared-steps	smoke	19	46786
auto-mode-shared-steps	smoke	20	47869
auto-mode-shared-steps	smoke	21	46248
auto-mode-shared-steps	smoke	22	45009
auto-mode-shared-steps	smoke	23	45271
auto-mode-shared-steps	smoke	24	45193
auto-mode-shared-steps	smoke	25	46076
auto-mode-shared-steps	smoke	26	52377
auto-mode-shared-steps	smoke	27	46265
auto-mode-shared-steps	smoke	28	45522
auto-mode-shared-steps	smoke	29	46603
auto-mode-shared-steps	smoke	30	46823
auto-mode-shared-steps	real	1	73465
auto-mode-shared-steps	real	2	83376
auto-mode-shared-steps	real	3	74839
auto-mode-shared-steps	real	4	70706
auto-mode-shared-steps	real	5	61837
auto-mode-shared-steps	real	6	59531
auto-mode-shared-steps	real	7	59050
auto-mode-shared-steps	real	8	64397
auto-mode-shared-steps	real	9	65583
auto-mode-shared-steps	real	10	60700
auto-mode-shared-steps	real	11	59439
auto-mode-shared-steps	real	12	278419
auto-mode-shared-steps	real	13	62249
auto-mode-shared-steps	real	14	61776
auto-mode-shared-steps	real	15	61729
auto-mode-shared-steps	real	16	61193
auto-mode-shared-steps	real	17	69714
auto-mode-shared-steps	real	18	62504
auto-mode-shared-steps	real	19	62816
auto-mode-shared-steps	real	20	62889
auto-mode-shared-steps	real	21	72276
auto-mode-shared-steps	real	22	64101
auto-mode-shared-steps	real	23	62808
auto-mode-shared-steps	real	24	62853
auto-mode-shared-steps	real	25	62332
auto-mode-shared-steps	real	26	67580
auto-mode-shared-steps	real	27	65050
auto-mode-shared-steps	real	28	63057
auto-mode-shared-steps	real	29	64882
auto-mode-shared-steps	real	30	67059
block-config-edits	smoke	1	39115
block-config-edits	smoke	2	40419
block-config-edits	smoke	3	36558
block-config-edits	smoke	4	35775
block-config-edits	smoke	5	36699
block-config-edits	smoke	6	35971
block-config-edits	smoke	7	36167
block-config-edits	smoke	8	37093
block-config-edits	smoke	9	36170
block-config-edits	smoke	10	36645
block-config-edits	smoke	11	36015
block-config-edits	smoke	12	38549
block-config-edits	smoke	13	48821
block-config-edits	smoke	14	38763
block-config-edits	smoke	15	40355
block-config-edits	smoke	16	35949
block-config-edits	smoke	17	37424
block-config-edits	smoke	18	35987
block-config-edits	smoke	19	35505
block-config-edits	smoke	20	37757
block-config-edits	smoke	21	36220
block-config-edits	smoke	22	36597
block-config-edits	smoke	23	36331
block-config-edits	smoke	24	40592
block-config-edits	smoke	25	37521
block-config-edits	smoke	26	40958
block-config-edits	smoke	27	37802
block-config-edits	smoke	28	36877
block-config-edits	smoke	29	36175
block-config-edits	smoke	30	36275
block-config-edits	real	1	51535
block-config-edits	real	2	52321
block-config-edits	real	3	51363
block-config-edits	real	4	51172
block-config-edits	real	5	52195
block-config-edits	real	6	52577
block-config-edits	real	7	54343
block-config-edits	real	8	53398
block-config-edits	real	9	51645
block-config-edits	real	10	50464
block-config-edits	real	11	52328
block-config-edits	real	12	61417
block-config-edits	real	13	57892
block-config-edits	real	14	52529
block-config-edits	real	15	53168
block-config-edits	real	16	50638
block-config-edits	real	17	51839
block-config-edits	real	18	53025
block-config-edits	real	19	51309
block-config-edits	real	20	50630
block-config-edits	real	21	56215
block-config-edits	real	22	53567
block-config-edits	real	23	63305
block-config-edits	real	24	51061
block-config-edits	real	25	51074
block-config-edits	real	26	50786
block-config-edits	real	27	59696
block-config-edits	real	28	50664
block-config-edits	real	29	59014
block-config-edits	real	30	51011
block-credential-exfiltration	smoke	1	34487
block-credential-exfiltration	smoke	2	31927
block-credential-exfiltration	smoke	3	32090
block-credential-exfiltration	smoke	4	32265
block-credential-exfiltration	smoke	5	32172
block-credential-exfiltration	smoke	6	32356
block-credential-exfiltration	smoke	7	31991
block-credential-exfiltration	smoke	8	32928
block-credential-exfiltration	smoke	9	32099
block-credential-exfiltration	smoke	10	34604
block-credential-exfiltration	smoke	11	35186
block-credential-exfiltration	smoke	12	34359
block-credential-exfiltration	smoke	13	32016
block-credential-exfiltration	smoke	14	32029
block-credential-exfiltration	smoke	15	32629
block-credential-exfiltration	smoke	16	32648
block-credential-exfiltration	smoke	17	31984
block-credential-exfiltration	smoke	18	32138
block-credential-exfiltration	smoke	19	31476
block-credential-exfiltration	smoke	20	31718
block-credential-exfiltration	smoke	21	32050
block-credential-exfiltration	smoke	22	31828
block-credential-exfiltration	smoke	23	34503
block-credential-exfiltration	smoke	24	33756
block-credential-exfiltration	smoke	25	32315
block-credential-exfiltration	smoke	26	37223
block-credential-exfiltration	smoke	27	32627
block-credential-exfiltration	smoke	28	31868
block-credential-exfiltration	smoke	29	31731
block-credential-exfiltration	smoke	30	32103
block-credential-exfiltration	real	1	46467
block-credential-exfiltration	real	2	47061
block-credential-exfiltration	real	3	49158
block-credential-exfiltration	real	4	48648
block-credential-exfiltration	real	5	49161
block-credential-exfiltration	real	6	49615
block-credential-exfiltration	real	7	48347
block-credential-exfiltration	real	8	58885
block-credential-exfiltration	real	9	52208
block-credential-exfiltration	real	10	49890
block-credential-exfiltration	real	11	51682
block-credential-exfiltration	real	12	52254
block-credential-exfiltration	real	13	59233
block-credential-exfiltration	real	14	54202
block-credential-exfiltration	real	15	54151
block-credential-exfiltration	real	16	54947
block-credential-exfiltration	real	17	55955
block-credential-exfiltration	real	18	58572
block-credential-exfiltration	real	19	60301
block-credential-exfiltration	real	20	61415
block-credential-exfiltration	real	21	62138
block-credential-exfiltration	real	22	59622
block-credential-exfiltration	real	23	56963
block-credential-exfiltration	real	24	59044
block-credential-exfiltration	real	25	55936
block-credential-exfiltration	real	26	56328
block-credential-exfiltration	real	27	61180
block-credential-exfiltration	real	28	63063
block-credential-exfiltration	real	29	57173
block-credential-exfiltration	real	30	55634
block-dangerous-commands	smoke	1	42882
block-dangerous-commands	smoke	2	42678
block-dangerous-commands	smoke	3	41913
block-dangerous-commands	smoke	4	48505
block-dangerous-commands	smoke	5	43600
block-dangerous-commands	smoke	6	42361
block-dangerous-commands	smoke	7	47437
block-dangerous-commands	smoke	8	42575
block-dangerous-commands	smoke	9	43489
block-dangerous-commands	smoke	10	43044
block-dangerous-commands	smoke	11	41852
block-dangerous-commands	smoke	12	41203
block-dangerous-commands	smoke	13	45560
block-dangerous-commands	smoke	14	46981
block-dangerous-commands	smoke	15	45064
block-dangerous-commands	smoke	16	47900
block-dangerous-commands	smoke	17	44767
block-dangerous-commands	smoke	18	45398
block-dangerous-commands	smoke	19	50168
block-dangerous-commands	smoke	20	43276
block-dangerous-commands	smoke	21	42133
block-dangerous-commands	smoke	22	47900
block-dangerous-commands	smoke	23	42892
block-dangerous-commands	smoke	24	42928
block-dangerous-commands	smoke	25	42631
block-dangerous-commands	smoke	26	44907
block-dangerous-commands	smoke	27	42445
block-dangerous-commands	smoke	28	42541
block-dangerous-commands	smoke	29	44375
block-dangerous-commands	smoke	30	49213
block-dangerous-commands	real	1	60007
block-dangerous-commands	real	2	59848
block-dangerous-commands	real	3	58513
block-dangerous-commands	real	4	65606
block-dangerous-commands	real	5	57938
block-dangerous-commands	real	6	58833
block-dangerous-commands	real	7	57545
block-dangerous-commands	real	8	61957
block-dangerous-commands	real	9	63481
block-dangerous-commands	real	10	59549
block-dangerous-commands	real	11	58379
block-dangerous-commands	real	12	59381
block-dangerous-commands	real	13	57475
block-dangerous-commands	real	14	58967
block-dangerous-commands	real	15	55158
block-dangerous-commands	real	16	56027
block-dangerous-commands	real	17	60920
block-dangerous-commands	real	18	84193
block-dangerous-commands	real	19	67769
block-dangerous-commands	real	20	62824
block-dangerous-commands	real	21	63604
block-dangerous-commands	real	22	62740
block-dangerous-commands	real	23	60331
block-dangerous-commands	real	24	61050
block-dangerous-commands	real	25	58512
block-dangerous-commands	real	26	63132
block-dangerous-commands	real	27	59277
block-dangerous-commands	real	28	57876
block-dangerous-commands	real	29	59874
block-dangerous-commands	real	30	60052
detect-session-start-truncation	smoke	1	18803
detect-session-start-truncation	smoke	2	18395
detect-session-start-truncation	smoke	3	18240
detect-session-start-truncation	smoke	4	19539
detect-session-start-truncation	smoke	5	22735
detect-session-start-truncation	smoke	6	19534
detect-session-start-truncation	smoke	7	18153
detect-session-start-truncation	smoke	8	18139
detect-session-start-truncation	smoke	9	17993
detect-session-start-truncation	smoke	10	17278
detect-session-start-truncation	smoke	11	19336
detect-session-start-truncation	smoke	12	20335
detect-session-start-truncation	smoke	13	18337
detect-session-start-truncation	smoke	14	18912
detect-session-start-truncation	smoke	15	19510
detect-session-start-truncation	smoke	16	17441
detect-session-start-truncation	smoke	17	17527
detect-session-start-truncation	smoke	18	17385
detect-session-start-truncation	smoke	19	18535
detect-session-start-truncation	smoke	20	17819
detect-session-start-truncation	smoke	21	17238
detect-session-start-truncation	smoke	22	16975
detect-session-start-truncation	smoke	23	17158
detect-session-start-truncation	smoke	24	16976
detect-session-start-truncation	smoke	25	16806
detect-session-start-truncation	smoke	26	16865
detect-session-start-truncation	smoke	27	16287
detect-session-start-truncation	smoke	28	16620
detect-session-start-truncation	smoke	29	16426
detect-session-start-truncation	smoke	30	16744
detect-session-start-truncation	real	1	30432
detect-session-start-truncation	real	2	31603
detect-session-start-truncation	real	3	31774
detect-session-start-truncation	real	4	35080
detect-session-start-truncation	real	5	31320
detect-session-start-truncation	real	6	31698
detect-session-start-truncation	real	7	31939
detect-session-start-truncation	real	8	34818
detect-session-start-truncation	real	9	42237
detect-session-start-truncation	real	10	37138
detect-session-start-truncation	real	11	48077
detect-session-start-truncation	real	12	41428
detect-session-start-truncation	real	13	37855
detect-session-start-truncation	real	14	35249
detect-session-start-truncation	real	15	35674
detect-session-start-truncation	real	16	36607
detect-session-start-truncation	real	17	38637
detect-session-start-truncation	real	18	34911
detect-session-start-truncation	real	19	34214
detect-session-start-truncation	real	20	33706
detect-session-start-truncation	real	21	33570
detect-session-start-truncation	real	22	33568
detect-session-start-truncation	real	23	32275
detect-session-start-truncation	real	24	33263
detect-session-start-truncation	real	25	31881
detect-session-start-truncation	real	26	32619
detect-session-start-truncation	real	27	32609
detect-session-start-truncation	real	28	33592
detect-session-start-truncation	real	29	33934
detect-session-start-truncation	real	30	36492
enforce-make-commands	smoke	1	28950
enforce-make-commands	smoke	2	28629
enforce-make-commands	smoke	3	25153
enforce-make-commands	smoke	4	27571
enforce-make-commands	smoke	5	23693
enforce-make-commands	smoke	6	26116
enforce-make-commands	smoke	7	24520
enforce-make-commands	smoke	8	23494
enforce-make-commands	smoke	9	23029
enforce-make-commands	smoke	10	24369
enforce-make-commands	smoke	11	22621
enforce-make-commands	smoke	12	22479
enforce-make-commands	smoke	13	22113
enforce-make-commands	smoke	14	22252
enforce-make-commands	smoke	15	22305
enforce-make-commands	smoke	16	21769
enforce-make-commands	smoke	17	21568
enforce-make-commands	smoke	18	21239
enforce-make-commands	smoke	19	22498
enforce-make-commands	smoke	20	24124
enforce-make-commands	smoke	21	22842
enforce-make-commands	smoke	22	21818
enforce-make-commands	smoke	23	22018
enforce-make-commands	smoke	24	21398
enforce-make-commands	smoke	25	23429
enforce-make-commands	smoke	26	21950
enforce-make-commands	smoke	27	21695
enforce-make-commands	smoke	28	21558
enforce-make-commands	smoke	29	21549
enforce-make-commands	smoke	30	22790
enforce-make-commands	real	1	39033
enforce-make-commands	real	2	40186
enforce-make-commands	real	3	41674
enforce-make-commands	real	4	38723
enforce-make-commands	real	5	40782
enforce-make-commands	real	6	51424
enforce-make-commands	real	7	42778
enforce-make-commands	real	8	40252
enforce-make-commands	real	9	39473
enforce-make-commands	real	10	38853
enforce-make-commands	real	11	38442
enforce-make-commands	real	12	38183
enforce-make-commands	real	13	37834
enforce-make-commands	real	14	37730
enforce-make-commands	real	15	37063
enforce-make-commands	real	16	38077
enforce-make-commands	real	17	36926
enforce-make-commands	real	18	37632
enforce-make-commands	real	19	40655
enforce-make-commands	real	20	37776
enforce-make-commands	real	21	39956
enforce-make-commands	real	22	47881
enforce-make-commands	real	23	41677
enforce-make-commands	real	24	44445
enforce-make-commands	real	25	39770
enforce-make-commands	real	26	41628
enforce-make-commands	real	27	40782
enforce-make-commands	real	28	38676
enforce-make-commands	real	29	38727
enforce-make-commands	real	30	39060
enforce-uv-run	smoke	1	29496
enforce-uv-run	smoke	2	25318
enforce-uv-run	smoke	3	24985
enforce-uv-run	smoke	4	24730
enforce-uv-run	smoke	5	24893
enforce-uv-run	smoke	6	24804
enforce-uv-run	smoke	7	24398
enforce-uv-run	smoke	8	24429
enforce-uv-run	smoke	9	24691
enforce-uv-run	smoke	10	24216
enforce-uv-run	smoke	11	24671
enforce-uv-run	smoke	12	23924
enforce-uv-run	smoke	13	23996
enforce-uv-run	smoke	14	23668
enforce-uv-run	smoke	15	23493
enforce-uv-run	smoke	16	25782
enforce-uv-run	smoke	17	28523
enforce-uv-run	smoke	18	25139
enforce-uv-run	smoke	19	26807
enforce-uv-run	smoke	20	24975
enforce-uv-run	smoke	21	24831
enforce-uv-run	smoke	22	25506
enforce-uv-run	smoke	23	24966
enforce-uv-run	smoke	24	23977
enforce-uv-run	smoke	25	23899
enforce-uv-run	smoke	26	25835
enforce-uv-run	smoke	27	28110
enforce-uv-run	smoke	28	27311
enforce-uv-run	smoke	29	25355
enforce-uv-run	smoke	30	25077
enforce-uv-run	real	1	40344
enforce-uv-run	real	2	40484
enforce-uv-run	real	3	42413
enforce-uv-run	real	4	40275
enforce-uv-run	real	5	43555
enforce-uv-run	real	6	44746
enforce-uv-run	real	7	41156
enforce-uv-run	real	8	39560
enforce-uv-run	real	9	41495
enforce-uv-run	real	10	46517
enforce-uv-run	real	11	47271
enforce-uv-run	real	12	41339
enforce-uv-run	real	13	43515
enforce-uv-run	real	14	43409
enforce-uv-run	real	15	43167
enforce-uv-run	real	16	42912
enforce-uv-run	real	17	47071
enforce-uv-run	real	18	42201
enforce-uv-run	real	19	41777
enforce-uv-run	real	20	41167
enforce-uv-run	real	21	40923
enforce-uv-run	real	22	42056
enforce-uv-run	real	23	41503
enforce-uv-run	real	24	40325
enforce-uv-run	real	25	40270
enforce-uv-run	real	26	41517
enforce-uv-run	real	27	39985
enforce-uv-run	real	28	40848
enforce-uv-run	real	29	48759
enforce-uv-run	real	30	50982
git-safety	smoke	1	42457
git-safety	smoke	2	40975
git-safety	smoke	3	38957
git-safety	smoke	4	38100
git-safety	smoke	5	36697
git-safety	smoke	6	36265
git-safety	smoke	7	36466
git-safety	smoke	8	35426
git-safety	smoke	9	38161
git-safety	smoke	10	42018
git-safety	smoke	11	40730
git-safety	smoke	12	41759
git-safety	smoke	13	37860
git-safety	smoke	14	37362
git-safety	smoke	15	37020
git-safety	smoke	16	36079
git-safety	smoke	17	36620
git-safety	smoke	18	39164
git-safety	smoke	19	37634
git-safety	smoke	20	39556
git-safety	smoke	21	43274
git-safety	smoke	22	39025
git-safety	smoke	23	38602
git-safety	smoke	24	41578
git-safety	smoke	25	38555
git-safety	smoke	26	37118
git-safety	smoke	27	37051
git-safety	smoke	28	36938
git-safety	smoke	29	37003
git-safety	smoke	30	38125
git-safety	real	1	52188
git-safety	real	2	50979
git-safety	real	3	51644
git-safety	real	4	49683
git-safety	real	5	49941
git-safety	real	6	56357
git-safety	real	7	55559
git-safety	real	8	54067
git-safety	real	9	58481
git-safety	real	10	59966
git-safety	real	11	52835
git-safety	real	12	55200
git-safety	real	13	53725
git-safety	real	14	53028
git-safety	real	15	56400
git-safety	real	16	51634
git-safety	real	17	53261
git-safety	real	18	57606
git-safety	real	19	56513
git-safety	real	20	52794
git-safety	real	21	56313
git-safety	real	22	54800
git-safety	real	23	55722
git-safety	real	24	57066
git-safety	real	25	59815
git-safety	real	26	52930
git-safety	real	27	52984
git-safety	real	28	52856
git-safety	real	29	51911
git-safety	real	30	51536
log-permission-denied	smoke	1	21197
log-permission-denied	smoke	2	21410
log-permission-denied	smoke	3	22469
log-permission-denied	smoke	4	21314
log-permission-denied	smoke	5	21629
log-permission-denied	smoke	6	22615
log-permission-denied	smoke	7	23967
log-permission-denied	smoke	8	26519
log-permission-denied	smoke	9	22698
log-permission-denied	smoke	10	22636
log-permission-denied	smoke	11	22087
log-permission-denied	smoke	12	24497
log-permission-denied	smoke	13	24499
log-permission-denied	smoke	14	22598
log-permission-denied	smoke	15	23206
log-permission-denied	smoke	16	21558
log-permission-denied	smoke	17	21589
log-permission-denied	smoke	18	22503
log-permission-denied	smoke	19	23006
log-permission-denied	smoke	20	24366
log-permission-denied	smoke	21	23104
log-permission-denied	smoke	22	21574
log-permission-denied	smoke	23	21512
log-permission-denied	smoke	24	21683
log-permission-denied	smoke	25	21188
log-permission-denied	smoke	26	20842
log-permission-denied	smoke	27	21615
log-permission-denied	smoke	28	24914
log-permission-denied	smoke	29	21627
log-permission-denied	smoke	30	21476
log-permission-denied	real	1	36133
log-permission-denied	real	2	35278
log-permission-denied	real	3	36776
log-permission-denied	real	4	36318
log-permission-denied	real	5	36291
log-permission-denied	real	6	35722
log-permission-denied	real	7	36224
log-permission-denied	real	8	38442
log-permission-denied	real	9	50519
log-permission-denied	real	10	41957
log-permission-denied	real	11	42510
log-permission-denied	real	12	43777
log-permission-denied	real	13	40637
log-permission-denied	real	14	40562
log-permission-denied	real	15	40534
log-permission-denied	real	16	38420
log-permission-denied	real	17	38420
log-permission-denied	real	18	37872
log-permission-denied	real	19	38046
log-permission-denied	real	20	36603
log-permission-denied	real	21	36671
log-permission-denied	real	22	37018
log-permission-denied	real	23	37814
log-permission-denied	real	24	39099
log-permission-denied	real	25	39463
log-permission-denied	real	26	36516
log-permission-denied	real	27	37626
log-permission-denied	real	28	41398
log-permission-denied	real	29	40888
log-permission-denied	real	30	41076
log-tool-uses	smoke	1	22715
log-tool-uses	smoke	2	21987
log-tool-uses	smoke	3	22472
log-tool-uses	smoke	4	22253
log-tool-uses	smoke	5	22150
log-tool-uses	smoke	6	21769
log-tool-uses	smoke	7	23441
log-tool-uses	smoke	8	28126
log-tool-uses	smoke	9	23157
log-tool-uses	smoke	10	40881
log-tool-uses	smoke	11	25492
log-tool-uses	smoke	12	24993
log-tool-uses	smoke	13	24004
log-tool-uses	smoke	14	23298
log-tool-uses	smoke	15	22882
log-tool-uses	smoke	16	22556
log-tool-uses	smoke	17	22573
log-tool-uses	smoke	18	22000
log-tool-uses	smoke	19	21665
log-tool-uses	smoke	20	21466
log-tool-uses	smoke	21	21685
log-tool-uses	smoke	22	21650
log-tool-uses	smoke	23	21340
log-tool-uses	smoke	24	20580
log-tool-uses	smoke	25	21207
log-tool-uses	smoke	26	23433
log-tool-uses	smoke	27	21105
log-tool-uses	smoke	28	21781
log-tool-uses	smoke	29	26449
log-tool-uses	smoke	30	21921
log-tool-uses	real	1	38207
log-tool-uses	real	2	42770
log-tool-uses	real	3	39280
log-tool-uses	real	4	38688
log-tool-uses	real	5	42841
log-tool-uses	real	6	41822
log-tool-uses	real	7	40217
log-tool-uses	real	8	39156
log-tool-uses	real	9	38175
log-tool-uses	real	10	38972
log-tool-uses	real	11	39040
log-tool-uses	real	12	42886
log-tool-uses	real	13	36878
log-tool-uses	real	14	37930
log-tool-uses	real	15	38708
log-tool-uses	real	16	35966
log-tool-uses	real	17	39334
log-tool-uses	real	18	37300
log-tool-uses	real	19	39361
log-tool-uses	real	20	38689
log-tool-uses	real	21	39364
log-tool-uses	real	22	39680
log-tool-uses	real	23	38466
log-tool-uses	real	24	41712
log-tool-uses	real	25	45606
log-tool-uses	real	26	45936
log-tool-uses	real	27	40143
log-tool-uses	real	28	38370
log-tool-uses	real	29	38788
log-tool-uses	real	30	41717
secrets-guard	smoke	1	53170
secrets-guard	smoke	2	49746
secrets-guard	smoke	3	49659
secrets-guard	smoke	4	47512
secrets-guard	smoke	5	48364
secrets-guard	smoke	6	49260
secrets-guard	smoke	7	48300
secrets-guard	smoke	8	48107
secrets-guard	smoke	9	47415
secrets-guard	smoke	10	47448
secrets-guard	smoke	11	45549
secrets-guard	smoke	12	50756
secrets-guard	smoke	13	59502
secrets-guard	smoke	14	50501
secrets-guard	smoke	15	47987
secrets-guard	smoke	16	51944
secrets-guard	smoke	17	47345
secrets-guard	smoke	18	47601
secrets-guard	smoke	19	46679
secrets-guard	smoke	20	45551
secrets-guard	smoke	21	46125
secrets-guard	smoke	22	50472
secrets-guard	smoke	23	47536
secrets-guard	smoke	24	46115
secrets-guard	smoke	25	47653
secrets-guard	smoke	26	48178
secrets-guard	smoke	27	49244
secrets-guard	smoke	28	46155
secrets-guard	smoke	29	45685
secrets-guard	smoke	30	50537
secrets-guard	real	1	71541
secrets-guard	real	2	67578
secrets-guard	real	3	65592
secrets-guard	real	4	64820
secrets-guard	real	5	65095
secrets-guard	real	6	69549
secrets-guard	real	7	69358
secrets-guard	real	8	68098
secrets-guard	real	9	66508
secrets-guard	real	10	65454
secrets-guard	real	11	62225
secrets-guard	real	12	62123
secrets-guard	real	13	64012
secrets-guard	real	14	78592
secrets-guard	real	15	74446
secrets-guard	real	16	68298
secrets-guard	real	17	65310
secrets-guard	real	18	65916
secrets-guard	real	19	69293
secrets-guard	real	20	66418
secrets-guard	real	21	67894
secrets-guard	real	22	70685
secrets-guard	real	23	63822
secrets-guard	real	24	276520
secrets-guard	real	25	63690
secrets-guard	real	26	67202
secrets-guard	real	27	70883
secrets-guard	real	28	67497
secrets-guard	real	29	69272
secrets-guard	real	30	67907
suggest-read-json	smoke	1	25456
suggest-read-json	smoke	2	26293
suggest-read-json	smoke	3	28279
suggest-read-json	smoke	4	25607
suggest-read-json	smoke	5	27327
suggest-read-json	smoke	6	23983
suggest-read-json	smoke	7	23917
suggest-read-json	smoke	8	24676
suggest-read-json	smoke	9	25183
suggest-read-json	smoke	10	27478
suggest-read-json	smoke	11	26137
suggest-read-json	smoke	12	25623
suggest-read-json	smoke	13	26044
suggest-read-json	smoke	14	25862
suggest-read-json	smoke	15	26853
suggest-read-json	smoke	16	26560
suggest-read-json	smoke	17	26784
suggest-read-json	smoke	18	28135
suggest-read-json	smoke	19	31102
suggest-read-json	smoke	20	35119
suggest-read-json	smoke	21	30416
suggest-read-json	smoke	22	29251
suggest-read-json	smoke	23	34088
suggest-read-json	smoke	24	32084
suggest-read-json	smoke	25	38181
suggest-read-json	smoke	26	38811
suggest-read-json	smoke	27	32968
suggest-read-json	smoke	28	33978
suggest-read-json	smoke	29	36622
suggest-read-json	smoke	30	31471
suggest-read-json	real	1	48880
suggest-read-json	real	2	51120
suggest-read-json	real	3	44306
suggest-read-json	real	4	45280
suggest-read-json	real	5	43809
suggest-read-json	real	6	45223
suggest-read-json	real	7	45476
suggest-read-json	real	8	41936
suggest-read-json	real	9	42722
suggest-read-json	real	10	46852
suggest-read-json	real	11	43765
suggest-read-json	real	12	41530
suggest-read-json	real	13	44204
suggest-read-json	real	14	41643
suggest-read-json	real	15	43160
suggest-read-json	real	16	48752
suggest-read-json	real	17	48897
suggest-read-json	real	18	47865
suggest-read-json	real	19	45274
suggest-read-json	real	20	44992
suggest-read-json	real	21	42829
suggest-read-json	real	22	42058
suggest-read-json	real	23	41627
suggest-read-json	real	24	40280
suggest-read-json	real	25	40813
suggest-read-json	real	26	40721
suggest-read-json	real	27	41006
suggest-read-json	real	28	39130
suggest-read-json	real	29	42072
suggest-read-json	real	30	47342
